https://www.tiktok.com/@h.serhii/video/6956984693027917062,
https://www.tiktok.com/@petsbaby/video/6883354644769230081,Don't bullshit ğŸ˜œğŸ¤£ğŸ˜‚
https://www.tiktok.com/@petsbaby/video/6883359593012022530,Don't lie! ğŸ˜¡ğŸ˜¡ğŸ˜¡
https://www.tiktok.com/@coco224466/video/6987215704458153221,His eyes ğŸ‘ ğŸ‘ 
https://www.tiktok.com/@wafflestheyorkie/video/6953688500487212293,Putting his new buttons to good use ğŸ˜‚ He did NOT get another treat! 
https://www.tiktok.com/@capoandcali_/video/6962548126242704646,capoâ€™s teeth ğŸ˜‚ 
https://www.tiktok.com/@gangrottie/video/6979914675928501510,don't touch my mommy ğŸ˜‚ 
https://www.tiktok.com/@roseflower_frenchies/video/6985871738831686918,âš ï¸WARNINGâ—ï¸Video is almost too cute for the internet ğŸ¥ºğŸ’œ 
https://www.tiktok.com/@yourdogsbestfriend/video/6866932147526077701,Wait for it... 
https://www.tiktok.com/@mygirlharper/video/6935633900148444421,She wouldnâ€™t give it up ğŸ¤£ 
https://www.tiktok.com/@mohawkvalleyfarmandranch/video/6809006314425961734,He finally got his puppacino â˜•ï¸ 
https://www.tiktok.com/@cacodeedee/video/6967937872271772933,My dog rlly said eughewğŸ¤£. 
https://www.tiktok.com/@woodlandsiberians/video/6797854183690079494,What should I ask them next time? ğŸ˜† 
https://www.tiktok.com/@talova/video/6932226799598308614,Why does this go so perfectly with the song ğŸ¤£ğŸ¤£ğŸ¤£ 
https://www.tiktok.com/@littlefrenchi/video/6993134696234372358,make my bed and take a nap 
https://www.tiktok.com/@kevin_the_pocket_pugg/video/6754815672263462150,what do you guys think of my reaction? 
https://www.tiktok.com/@just_bleeb/video/6991118283214966021,Sound On ğŸ¤ Chewbarka is ready for his close up. 
https://www.tiktok.com/@gofetch/video/6827138397526576390,The ending ğŸ¤£ (Credit: @antonialouise99) 
https://www.tiktok.com/@cherry_pinky_pom/video/6983267045316070658,
https://www.tiktok.com/@yz991314/video/6973514162269965574,Oh itâ€™s you ğŸ˜¡ 
https://www.tiktok.com/@thedannyjacobs1/video/7029771988071681285,Whoops ğŸ˜¬ 
https://www.tiktok.com/@mi_araaa/video/6975157545061076230,
https://www.tiktok.com/@puppyy520/video/6973470149701651718,
https://www.tiktok.com/@chelleandlexihusky/video/6954081588678249734,Take them all ğŸ˜­ğŸ˜‚ 
https://www.tiktok.com/@animals_bring_joy/video/7019364084030147846,A dog will do anything for a bone â˜ºï¸ 
https://www.tiktok.com/@zoe_zimmerman/video/6907980930858634502,I canâ€™t stop laughing! 
https://www.tiktok.com/@boscoandhisbigstick/video/6830513954989575429,STAND BACK, ITâ€™S A SAUSAGE ON A ROLL ğŸ’¨ 
https://www.tiktok.com/@rachelwood2/video/6917955277560040706,Crackhead ğŸ˜‚ 
https://www.tiktok.com/@matiildap/video/6903411108623715586,Savvy? â˜ ï¸ğŸ´â€â˜ ï¸ 
https://www.tiktok.com/@will_n_jaeeats/video/6839025319437978886,
https://www.tiktok.com/@irwingpuertas/video/6967779474314120454,Primera vez usando zapatitos 
https://www.tiktok.com/@louie_the_tzu/video/7000103515133644038,Scaredy pants! 
https://www.tiktok.com/@spunky.chi.girl/video/6873826498462240006,Do you have a little stinker who helps relocate things?? 
https://www.tiktok.com/@sarahclarewatson/video/6970808926115794182,Remembering when my dog thought the back door was closed for a good minute and half 
https://www.tiktok.com/@virybabeyy/video/6928906210192280838,New challenge unlocked give your dog fizzy soda ğŸ˜‚â¤ï¸
https://www.tiktok.com/@xaviier0/video/7031997441989954862,wait till the endğŸ˜‚ 
https://www.tiktok.com/@funnytime888/video/6832953973440285953,cute dog cut hair. you want together? 
https://www.tiktok.com/@myfriendrmn/video/6773922973662448897,Maggi Ka Injection Fear ğŸ˜‚ğŸ˜‚ğŸ˜‚ Our Shop Punjab Pet Point 
https://www.tiktok.com/@ruffswagdog/video/6786875664441216262,I love how her reaction gets more intense each timeğŸ˜± 
https://www.tiktok.com/@funnyfuzzy_pet/video/7023089672188349702,This is my new friend.
https://www.tiktok.com/@mayathemajestic/video/6996130406806441221,Canâ€™t hear ya, dog 
https://www.tiktok.com/@deanthebasset/video/6939174512634121477,iâ€™m secretly a gassy cow ğŸ„ğŸ’¨ 
https://www.tiktok.com/@malcom79/video/7000576787101142278,ğŸ•ğŸ¤—ğŸ¤—ğŸ•ğŸ˜‚ğŸ˜‚ 
https://www.tiktok.com/@mykomushroom/video/7029142230942141701,Did you see that yoink at the end!?! Would you let him cook in your kitchen? ğŸ¥´ 
https://www.tiktok.com/@carol_enoc/video/7022875901729737989,
https://www.tiktok.com/@tobi1tobi/video/6833785056503401734,
https://www.tiktok.com/@bengalsmowglibagheera/video/7041948826235571462,Another leo story ğŸ˜‚ 
https://www.tiktok.com/@mac_and_moon/video/6992498916419849478,
https://www.tiktok.com/@tracigrimsley/video/6860942221605195014,
https://www.tiktok.com/@bluetheaussie2/video/6990036382194339078,Our puppy likes it here,is this an Australian Shepherd thingğŸ˜‚ 
https://www.tiktok.com/@amazing.doggos/video/6999625263977975046,Poor goldyğŸ˜­
https://www.tiktok.com/@magnusthetherapydog/video/7039050181978918149,What would you do if you found this? ğŸ˜³ 
https://www.tiktok.com/@jesbynez/video/6942437549927369990,Ohje, jetzt hasst er mich die Aktion ğŸ˜… 
https://www.tiktok.com/@petshome_ella/video/6976132317752331526,OMG!!!!! He knows itğŸ˜‚ğŸ˜‚ğŸ˜‚ğŸ˜‚ğŸ˜‚ğŸ˜‚
https://www.tiktok.com/@mykomushroom/video/6970860757877607685,Just a good boy hoping for movie suggestions? ğŸ¥ºğŸ¿
https://www.tiktok.com/@mydogsdope/video/6987917142297529605,Bunk beds 
https://www.tiktok.com/@jaxmeatball_thebulldawg/video/6977102834609163526,MISSbehavin ğŸ¶ 
https://www.tiktok.com/@goldenretrieversamson/video/6832775009094683909,
https://www.tiktok.com/@louie_the_tzu/video/7026019104754683182,what the dog doin?? 
https://www.tiktok.com/@riccardo_1927/video/6805299322079513861,
https://www.tiktok.com/@rosieadventures/video/7047759293902310657,All looks no brains 
https://www.tiktok.com/@whataboutbunny/video/6883496363271736581,Everybody poops 
https://www.tiktok.com/@aakxndf/video/7031563756173856006,
https://www.tiktok.com/@gofetch/video/6830355168328994054,This doggo has got some moves ğŸ‘€ğŸ¤© (Credit: @elh1988) 
https://www.tiktok.com/@mr.sunnysunshine/video/6915373462345239809,Didnt realise the door was open! ğŸ˜‚wait till the end ğŸ˜‚ğŸ¾ 
https://www.tiktok.com/@harpreet_sdc/video/6727111939714993410,Brody ko shock laga sunke ğŸ˜‚ğŸ¶ 
https://www.tiktok.com/@ghostpepperyayi/video/6822779926710684933,Wait til the end 
https://www.tiktok.com/@marleynyc/video/6781195081161395461,When mom fills your dinner bowl and doesnâ€™t realise dad just fed you.. 
https://www.tiktok.com/@bengalsmowglibagheera/video/7031563878601362693,The eyerollsğŸ˜‚ğŸ˜‚ 
https://www.tiktok.com/@coco224466/video/6982102354518609157,Hold the line
https://www.tiktok.com/@papidog01/video/7025547126109261061,
https://www.tiktok.com/@funnyfinlee/video/6987087796066340102,My dog is so weird! 
https://www.tiktok.com/@dogstoryyy/video/6850048400201714950,nooooooooo ğŸ¥ºğŸ¥ºğŸ¥º
https://www.tiktok.com/@mydogsdope/video/7033545373247376645,When you work from home 
https://www.tiktok.com/@gofetch/video/6813031448908434693,Caption This... (via Lexie S) 
https://www.tiktok.com/@kasia_benji/video/6980281624562879750,he really enjoyed it.. did not take longer than 5 min 
https://www.tiktok.com/@gocozypawsllc/video/7025067702515485958,Which dog do you like?ğŸ˜‚ğŸ¥°ğŸ©ğŸ•ğŸ¾â€¦.
https://www.tiktok.com/@madmax_fluffyroad/video/7000396397317033221,So sad. So smol. 
https://www.tiktok.com/@echo_gsd/video/6856378975506271494,Who is your COVID character?? 
https://www.tiktok.com/@petshome_ella/video/7029486512899149062,It turns out that dogs are also afraid of coldğŸ¤£ğŸ¤£ğŸ¤£ 
https://www.tiktok.com/@benji_theiggy/video/7016818101970930950,
https://www.tiktok.com/@woofive/video/7021124364032560431,Legends say he is still sliding to this day ğŸ˜‚
https://www.tiktok.com/@vt/video/6714291571157634310,Hay fever season ğŸ¥º anyone else? 
https://www.tiktok.com/@irwingpuertas/video/6983068801059376390,TÃº cuando reencarnes 
https://www.tiktok.com/@laughoriginal/video/6953704965655383298,
https://www.tiktok.com/@coco224466/video/6978723217439608070,So maybe get a job?ğŸ¤£
https://www.tiktok.com/@bamsam101/video/6786093745155689733,I saw the video of the baby being thrown tha I immediately thought o